Name,Question,Answer,Image
Shubham KP,What are the best examples of irony?,"This wonderful scholar who wrote about the consequences of suicide and who inspired many youths on Quora fell into the abyss himself. Depression is a weird disease. One day you're asking people to keep fighting and the very next day you can't fight yourself. You give up. Anurag Kumar, bhai, I hope you're at a better place… if there's one. Remembering. We all are gifted, Shubham KP",https://qph.cf2.quoracdn.net/main-qimg-53be2f2b7c1a1f090adec6d0ca814053
Shubham KP,What is it about women that confuses men so much?,"She comes home late. You both are in a live-in relationship. 'You know, today my boss did the same thing. He gave me the tough tasks and assigned Ritika the easy ones as he's somewhat into her.’ You nod. She continues. 'I'm planning to change my project. I even talked to my HR and the HR said…' You stop her in between. 'I know what the HR said. I've been listening to this story for a week now. Please change the company as that's the only option.’ you say. 'But this company has all the perks I ever wished for. And it's just been four months. It's not about the company, it's about that one person.’ she replies. ‘If you know what the problem is, then why don't you take strict action against it?’ he asks. 'I'm trying, trust me. I was telling you what happened today but you stopped me in between.’ she says. 'Oh, great. So now you'll point things at me. As always.’ he smirks. And they picked up a fight. Women and men are poles apart when it comes to dealing with problems. Women like to talk. They want to vent things out when they are in trouble. And when they do, they don't do it to get preached. They 'just’ want to vent out. Men are problem solvers. The very moment they listen to a problem, they can't help and start giving advice. They can't listen like a wall. And that's where the conflict takes place. Men talk about their problems once in a blue moon. When they are overwhelmed, they just hide inside a tunnel. They hide themselves and don't speak about it. And when someone talks about their problems, men think the other person really needs some advice. Nope. It doesn't work that way with women. Just be a calm listener. Be patient. Nod. Pat her. Caress her. Because that's what she expects when she is talking to her favourite person. That. Not any advice. Unless they are asking for it, of course. We all are gifted, Shubham KP",https://qph.cf2.quoracdn.net/main-qimg-e9a91cc19f7721084089d3a173d3ad44
Shubham KP,What is the most beautiful compliment you ever received?,"'What do you like the most about me?’ 'You mean, just one thing I like the most about you?’ she asked. 'Yes,’ I replied. ‘Okay, let me think…’ she said and started mulling over the question. 'Okay, I got it.’ she said. 'Say it.’ 'Your… you know…' she said, and started laughing like an idiot. 'No jokes, please. I'm asking you literally. I need to know this.’ 'Sorry, sorry…' she said, ‘So, it'd be your affinity toward books. The way you treat them. You don't underline anything on them just to keep them fresh. You don't fold them. You like to sleep with them. The way your eyes glitter up talking about the writers. The way your soul shatters when someone asks for a book from your book collection. But, at the same time, the way you've gifted dozens of books to people. I like when you talk about books.’ 'I mean, really? My love for books is what you like in me, the most? Why?’ I asked, puzzled. 'Because it makes you happy. You become a kid when you talk about books. I really like that side of yours.’ I hugged her and said you're weird, in a very cute way. She nodded and hugged me back, even tighter. We all are gifted, Shubham KP",https://qph.cf2.quoracdn.net/main-qimg-22abbdf4dfe45dfa88db923d0a5dd707
Shubham KP,How did your mother break your heart?,"My mother knows my weakness. Kids. I haven't gone home for a long time and she knows how to fix that. My mom video-called me with a baby girl on her lap. She's my neighbour's newborn. I was glittering the moment I saw her. I inquired about her and asked how long she was going to stay there. The kiddo had big eyes, as you all can see. I was melting. Babies. They have been my all-time weakness for ages. People who’re close to me know for a fact that if I ever plan to get married, the first reason would be because I'm dying to have a baby daughter one day. I always wished to have a younger sister. I wanted to see her grow before my eyes. The wish didn't get fulfilled as my sister is older than me. But okay. I still treat her like my younger sister. She hates it. She hates it when I snatch her cheeks all the time. She hates it when I pull her towards me and hug her with all the affection I have in me. When I saw that baby girl, the first thing that came to my mind was I needed to go home. Soon. It broke my heart when my mom showed her on the video call and I couldn't hold her in my arms. But soon. My mom is clever. She knows how to get me home. We are all gifted, Shubham KP",https://qph.cf2.quoracdn.net/main-qimg-dae49b0dccc33a8f0c22fded60c270d3
Shubham KP,What are some things that happen only in India?,"My ex was 2 years older than me. I got to know about it quite early. I didn't like her till then. But I never called her ‘didi’. The thing which is taught in schools. We dated. And we had a beautiful time together. My first relationship was of 11 days. I call it an internship. I was her school senior and she used to call me ‘bhaiya’ for years. Then she started developing a crush on me and the bhaiya word started vanishing. I got it. My friends started forcing me to propose to her. I wrote a long letter. I was reading it out on the call when she said ‘I love you’. Our conversation started going ‘there’ eventually. You see? From bhaiya to having those conversations. It's ridiculous. If you're a girl, you can date only the guys of your age because the older ones, you call them bhaiya. The younger ones, your parents won't allow you to get married to them. If you're a guy, you can never date a senior. You call her didi. And if the girl you like is younger than you, and she calls you bhaiya, then it's game over. You can only date girls of your age. What a shame, right? These setups were made centuries back. Now we're living in the age of love marriages. The only suggestion I can give you is, don't kill your chances. See that handsome guy in the picture? Don't call him bhaiya. He gets hurt. I'm talking about the one sitting on the rock. :) We all are gifted, Shubham KP",https://qph.cf2.quoracdn.net/main-qimg-1850d173f0cdfe5e00435777c24756dd
Shubham KP,What is the most frequently used app on your mobile phone?,"This one. I went to Banaras the previous week and the moment I came back home, I started searching for other locations. I found Khajuraho which is close to my home city. I searched if they have hostels in Khajuraho and bravo! I booked three beds and we're ready to go. The long weekend is also approaching. I've been to Kasol two times but with my friends. This time I want to go solo. So, I'm searching for good hostels in Kasol. I don't use Instagram. I'm deadly inactive on FB. Most of my time is spent on planning my next trip. I prefer to stay in hostels when I travel solo. We meet a lot of people there. If you're travelling solo, staying in a hotel would make you feel you're the last man on earth! I'm an introvert, yes, but I also like to meet new people while travelling. I stay in hostels. I'm always searching for good hostels in this app. XD We all are gifted, Shubham KP",https://qph.cf2.quoracdn.net/main-qimg-e4f7b9f0444f8676a23d4c900b8b869f
Shubham KP,How can I overcome the fear of failure?,"This trick has saved my life. Suppose you dreamt of becoming a doctor to serve mankind. You took a drop. You went to Kota and you studied hard. The paper went well. You were expecting an XYZ rank but there was a fraud. You can't get your dream college now. You THINK your dreams are shattered. You THINK it's the end of the world. But think of it this way; Think of the worst-case scenarios. It's simple. You're not getting your dream college. You won't get the advantage that the elite college students are getting. But you will get a good college anyway. If not this time, then the other time. If your dream is so deeply rooted, you will make sacrifices for it. You will study hard. More this time. And you will snatch the opportunity. And even if you can't, there are many examples of medical professionals who didn't graduate from AIIMS Delhi but are doing better than most of the students of elite colleges. If you're so driven, you will carve your way out. Never let any f...",
Shubham KP,Why won't my depression end?,"Because you want to fix it. Live with your sadness. Make peace with it. Sit with it. Eat with it. Dance with it. Recite poetries with it. Take your sadness outside your home. Give a poor person a meal with sadness in your eyes. Join your hands and give that person a lovely smile. Move forward. Sit inside a park. Watch a couple. Bless them. Pray that nobody cheats in that relationship. Pray that it goes on forever. Don't pray for yourself. Not yet. Don't think why you don't have anyone to hold hands and say I love you. Life is like that most beautiful girl in your school. If you run after her, if you ask her to like you back, she never will. Don't ask for anything. Create it. Create your own little world where you embrace aloneness. Where you talk to yourself. Where you can dance alone. Where you read well. Where you work on yourself without trying to fix yourself. You do it with ease. And, in a couple of months, you'll witness magic. You'll be healed without even asking for it. You'll be surprised. You'll come out of the storm and you'll laugh. The storm wasn't external. It was created by you. External problems do create havoc in our lives but there's always that we can control. From inside. Don't create a storm inside. Smile. And always remember this one thing, if you're a girl, I love you as a friend. Joking. Stay blessed. We all are gifted, Shubham KP",https://qph.cf2.quoracdn.net/main-qimg-47d0f55418263c441aae5f728da6fdd9
Shubham KP,What are you addicted to right now?,"Banaras. This was my fourth trip to Banaras this year and my father is sure, now, that I've some affair going on. I told my mom I wanted to go to Banaras, again, when she reminded me you were there six hours ago. Why don't you get settled there? She asked me. I replied my company doesn't have any office there yet. Sadly. I've been to a lot of places but Banaras is… I don't know. Addictive. You can never get enough of it. The ghats might have trash around but it's still addictive. I seriously doubt whether it's just me or everyone feels the same. I think in my previous birth, I had a novel-like love story going on in Banaras. I can sit on the ghats for hours. I visit Manikarnika ghat every time I'm in Banaras. Watching the bodies come over and over again, everything begins to feel so small. Your job. Money. Fame. Relationships. Betrayal. Everything. You live in the moment. The truth, the lingering truth we ignore throughout our lives is there. Bodies are burning. Men are crying. You see the naked truth. You live the neglected reality. You seep in the ultimate tragedy. Death. And it never fails to make me more humble. We all are gifted, Shubham KP",https://qph.cf2.quoracdn.net/main-qimg-dbe86fb763c48e5b7715a71b2c35daf6
Shubham KP,"I don't want to get married, but I love my girlfriend. What should I do?","There's a movie on Netflix; Ok Jaanu. The female protagonist Tara had a gloomy childhood. Her father left them when she was just six years old. He never came back. This incident had a deep impact on Tara’s life and she decided to never get married. Then she met Aditya. A classy guy. Flirty. Not a typical guy to marry. But someone to fling around. They had a thing. They started roaming around with each other. They enjoyed their company. And they both had plans to go abroad after a couple of days. Different countries. So they decided to make the most of it. Aditya decided to move in with Tara at his uncle's house. His uncle was an old man, happily married to Charu Aunty, a lady who had a knack for classical singing. Charu aunty had Alzheimer's. She used to forget about people. She used to forget about where she was. But she would never forget that one person, Paplu, the nickname she had given to Aditya’s uncle. Gopi uncle (Paplu) took great care of Charu Aunty. He loved her so much despite what she was going through. Aditya and Tara, while witnessing that, started thinking in their subconscious that marriage isn't that bad. Then it was the time of separation. Aditya had to go to America. Tara had to go to Paris. And until now, they were in love with each other. But they decided to end it there and then. Until, of course, Charu aunty was lost. They started searching for her. She had gone outside home and Gopi uncle couldn't find her. Gopi uncle was crying. He thought he had lost her. Aditya and Tara were trying to search for her but it was not that easy. They even picked up a fight. Aditya realised that what if Tara goes through the same and there is no one to take care of her? He proposed. She said yes. They found Charu aunty. They took her home. And Gopi uncle started crying seeing her. Tara was scared of marriage. She saw a marriage that didn't turn out well in her childhood. And she didn't want to repeat it. But, of course, she fell in love. Love gives you the strength to eradicate your past blues. Love can change you. Love can bring the best in you. But you need to accept that. If you're afraid, if you can’t erase your past even if you have a beautiful present, you're making a mistake. Fix that. We are all gifted, Shubham KP",https://qph.cf2.quoracdn.net/main-qimg-61266385070e2faa5acb9f2f2a886fc5
Shubham KP,May I see some of your best sketches?,"I sketched my soon-to-be wife. This is my first ever sketch. Please shower some love. I took a blank A-4 size paper. And after three days of hard work, I came up with this. I even laminated the sketch so that I can keep this as a memory. She's beautiful, isn't she? We all are gifted, Shubham KP",https://qph.cf2.quoracdn.net/main-qimg-c21227ec01d3bc0e05aff81455829ca8
Shubham KP,What do you hate about people?,"He was a labour worker. There was some work at my place in Gurgaon when my landlord called him up. I talked to him. I joked with him. And he did our work seamlessly. The next day, he was knocking on my door. 'Bhaiya, are you free?’ 'Yes, tell me. What happened?’ I replied. 'I bought a new phone and wanted to learn how to use WhatsApp and Facebook from you.’ 'Sure,' I said. 'Come inside.’ He smiled unexpectedly. He was about to sit on the faraway chair: 'Hey! What are you doing? Come here, sit on the sofa.’ 'But, actually… I'm drunk… so…' I said it was fine and he sat beside me. I taught him to use a mobile. It was a tough task, yes, but I tried to be calm and patient. When it was done and he was leaving, I asked his age out of nowhere. He was 23. I couldn't believe it. He was younger but due to hard labour, he looked way more older than me. We started to talk casually after that. He told me people are always rude to labour workers. Like, he said, a man kicked him yesterday just because he couldn't finish his work on time. ‘How could I?’ he replied. 'As it was raining the whole day.’ He didn't cry saying that. He didn't get angry saying that. He said it normally, like an everyday incident. Maybe it happens a lot with them. A large majority of people are rude to labour workers. They treat them as animals. When I see this, I can only think of one thing. You were born into a well-off family and they weren't. That's the only thing that made the difference. If you were born into a poor family, you would've done the same thing and got kicked in a similar manner. We all are gifted, Shubham KP",https://qph.cf2.quoracdn.net/main-qimg-29814fca70a7db23c042a4fc9d888160
Shubham KP,Whats the #1 thing you always pray for?,"Quora to be Quora again. I remember how addictive Quora used to be. There were writers, gem writers, producing rich content seamlessly. And they would do it for free. Now, when I open my feed, all I can see are memes and some girls asking whether they should put this or that picture as their DP. I never thought Quora would become this. I never thought Quora would become an adult site where girls will upload their nudes as a good morning photo. But, it's there. Now it's nearly impossible to get 1k upvotes on a genuine answer. Earlier it was easy peasy. I used to write an answer and bet on my life that it will explode. I might have to switch to another platform for writing. I have bought courses on Udemy for Medium and WordPress. But no matter what this site has become, I love Quora. I want it to get back to normal where people are known for their writing. I wish newcomers could see the potential Quora earlier had. The Quora that made me get into the writing. I really pray my feed becomes as beautiful as my inbox. We all are gifted, Shubham KP",https://qph.cf2.quoracdn.net/main-qimg-25a1a5d1042ed714cb1d8b36f9f6ba57
Shubham KP,What are some of the best life tips?,"COVID-19. Remember it started here in 2020? It's been more than four years since the pandemic started in India. But how quickly the time has passed? My classmate lost his dad in the pandemic. He was devastated when it happened. But now he LOOKS fine. I agree the loss is permanent. But the time has passed. And it has passed quite readily. Four years have passed like a joke. And another four years will pass like a joke. And another four, until, of course, the loop is over and our time is up… Seems like a dramatic statement, right? A statement straight from the movies. But here's the thing: Time passes by. It does. Go and ask your father and he'll still smile while narrating his college stories. It would be fresh in his memories. But the time would be long back. If we were helpless, if we couldn't control our past four years, how can we be certain we can control our next four? Or, down the line, our next 20 years? It doesn't happen. And what if we don't even have 20 years from now? Nothing's certain. Not everyone sees their old age. Not every actor, politician, business, or anyone who thinks they can buy time is immortal. We're helpless. We can just see this time flying by. But, in case you've accepted we're a temporary guest, on earth, make it worth. Don't live a life you'll regret later. Accept death. It will change you to the core. Picture Credit: RIYA DHIMAN We are all gifted, Shubham KP",https://qph.cf2.quoracdn.net/main-qimg-cc5aa1d23c302fb8ff93e091f0b80c12
Shubham KP,What is the worst mistake that a girl can commit in her life?,"I was talking to a girl ten seconds back. She is my college senior. She's beautiful. Kind. And she treats dogs like her children. She earns 3000 monthly from giving tuitions but despite that, she feeds dogs from that money. But there's a problem with her. She gets attached to people very easily. She got attached to a guy who made fake promises. He dumped her. And called her a gold-digger which she's not. She's telling me the details. All of it. She's telling me what they used to talk about. How intimate they were. And she's asking me to talk to her over the call so that she can ease herself. It's funny in a way. You get attached to the healer eventually. Ever watched the movie Dear Zindagi? So no matter how much I want to help her, I'll keep a safe distance. She says I look handsome in my DP. She says you're the only person I think I can share this problem with. I respect her for that. But it doesn't work that way. Girls are overly emotional when compared with guys. It's my personal opinion. And when somebody breaks their heart, they often need a lending shoulder. I hope that shoulder isn't of a guy. A guy whom you like even a little bit. Because it doesn't help that way. It makes you move on, yes, but you're now unknowingly attached to a different person altogether. We all are gifted, Shubham KP",https://qph.cf2.quoracdn.net/main-qimg-edbf014cb2abf23987ee23af2d4cbf5e
Shubham KP,What are some small gestures that make people happy?,"Our maid treats us like her children. She makes breakfast, lunch, and dinner for all four of us. She cleans our rooms. Washes the utensils. And does other trivial things we never ask her to do. She likes to keep the flat clean. In return, we pay her well and never complain when she takes days off. I have been waking up at odd hours these days. Or I sleep in the morning. She comes home at 6 AM. One day, I thought to bring her tea. When she saw it, she gave me a beaming smile. I noted that. Now whenever I'm awake and she's there, I always bring one tea extra. It cost me just 10 rupees extra. But it does enlighten her mood and make her happy. We all are gifted, Shubham KP",https://qph.cf2.quoracdn.net/main-qimg-b694abbdc7cc26064cbe93426ac5778f
Shubham KP,What do you feel has been your greatest “win” so far in life?,"Sitting with myself. Making myself understand that happiness doesn't lie in the mobile phone I can't afford, in a fancy car, or in a person who can never be mine. Surrendering. Accepting. Making peace with myself. Competing with myself, not others. If I was being judgmental, slapping myself with the reality that I was once there, too. Trying to learn from people's successes and stop being jealous. Not laughing at people’s failures and understanding that I could be one of them someday. Knowing that your principles change according to circumstances. Your extroversion changes according to your blues. And still, working on it as far as I can. Being kind. Being empathetic. Letting the fact seep in that anyone can die any day. I didn’t want to live with regrets. I still don't want to. I wanted to achieve stardom. Now, I don't. Stardom is an illusion. There's no stopping point. Everything fades away once you get it. Less is more. Ego is the enemy. Obstacles are the way. We are all gifted, Shubham KP",https://qph.cf2.quoracdn.net/main-qimg-4dacd04a3ed54a39e3d18e50e241bc32
Shubham KP,What is the most useless fact you know?,"Nothing assures that it's a girl's profile except one thing. This. If you ever see a pic like this on a profile, it's a girl. I bet on my life that it's a girl. We all are gifted, Shubham KP",https://qph.cf2.quoracdn.net/main-qimg-bbdd2b515d7cafaa5cf8cc96d049284b-lq
Shubham KP,What is the saddest song you have ever listened to?,"I woke up in the evening, today, feeling extremely low. The first song that came to my mind was Tum Nazar Me Raho. This song doesn't have world-class lyrics. But this song, oh my world, if you know the backstory… If you've watched Laila Majnu, you know what exactly I'm talking about. I've watched this movie thrice this month. It's the most heartbreaking movie I've ever watched. And everytime I watch it, I discover new aspects of the movie. Fresh observations. This movie can't be recommended to everyone. It's beautifully shattering in its own way. And the song, Tum Nazar Me Raho, it keeps lingering inside your mind for long. It won't go away. The music is lively until you've watched the movie. And once you watch it, you get the worst possible low. At least me. We all are gifted, Shubham KP",https://qph.cf2.quoracdn.net/main-qimg-c26cb95d601ef544cbb02f5ef1a6b2d1
Shubham KP,What can I do for 10 minutes every day that will change my life?,"Open your heart. Write. There's nothing personal about your story. Everyone has gone through or is going through a rough patch in their life. Everyone was scared or is scared of falling in love. Everyone has gone through or is going through a mental trauma. It's fine. You're good. You're sad. You're depressed. You want someone to hear you. But you probably don't want a reply. So write. Don't just write it in your diary. Write it here. Or write it on some other platform. Hurl your words in the open air and let people stroll through your wounded heart. If you don't want to reveal your identity, fine. Make an anonymous account and write your heart out. We're so afraid of t...",
Shubham KP,What is the biggest misconception people have about life?,"Read any self-help book. Any. Most of them talk about the same thing. You should wake up at 4 AM. You should make a to-do list. You should read self-help novels. You should journal. You should build your own business. You should do this and that and only then you'll be happy. Now imagine a patient suffering from a disease. It would ideally take him six months to recover fully from just one medicine. But suddenly, a bunch of doctors suggests 40 medicines, thrice a day. Do you think his body will be able to take it? I'll be brutally honest here. Life is hard. It gets harder as you grow up as the number of shits you need to take increases exponentially. Sometimes, your heart will break so hard that you will think it's unrepairable. I've been there or maybe I'm still there and I can tell you one magical thing about life. It heals you slowly. You don't have to do anything. Life has a grandparent named Time and it heals you on its own. You might get new hardships. But the older ones get healed by themselves. But, in the process, you just need to do one thing correctly. Never Hate Yourself. Never do that. I don't care what makes you happy. It can be something like eating pasta. Or maybe a blueberry cheesecake. Get it. Be happy. You don't have to build air satellites to become happy. You don't have to wake up at 4 AM if you can't. You don't have to make a to-do list if not achieving it puts you in guilt. Enjoy the little things in life. Live on your terms. And give the biggest finger of your hand to people who judge you. Be supremely proud of yourself. Everyone wants to achieve great things. And they know what they should or should not do. So stop following the self-help advice if it's making your life more miserable. Smile. Smile for no reason. Smile by seeing a cute dog on the street or seeing a couple holding hands. Your time is clicking. Make sure you don't live with any regrets whatsoever. We all are gifted, Shubham KP",https://qph.cf2.quoracdn.net/main-qimg-6c3d339d5ed45aae10d5581f3053b93e
Shubham KP,Can you ever justify cheating?,"Disclaimer: Not supporting or defending any Quoran here. Let's take two scenarios. Scenario A A husband beats his wife every night. He's an alcoholic. They have a kid. One day he gathered enough courage to beat the shit out of his dad, only to know that, his dad has been beating her because she has been cheating on him. He saves his mom. He talks with his dad. And now he's crying his lungs out. Is beating his wife justified just because she has cheated on him? No. That’s doing wrongdoing on top of wrongdoing. Domestic violence can never be justified no matter what. The only solution here is to walk out of the marriage. Scenario B A boy finds her mom holding and hugging someone in a public park. The person is not his dad. The boy breaks down. He waits for his mom to come home. 'Why did you do this Mom?’ he asks crying. ‘I’m so sorry, beta. I wanted to tell you all but I knew you would never understand. Whenever you used to go outside this city, to live with your grandparents, your dad used to drink and beat me out of jealousy. He checked my phone. Abused me for no reason. This went on for so long that I started hating your dad. That uncle, we met the previous year, he's so kind. You will know when you'll meet him.’ 'Are you planning to get a divorce and marry this uncle?’ 'We haven't talked about it. It's not easy. Please don't tell your dad about anything. Please!’ Is cheating on her husband justified just because he used to beat her? No. That's again wrongdoing on top of wrongdoing. Cheating can never be justified irrespective of any gender. The only option here, as well, was to walk out of the marriage. The worst thing about the two scenarios is that child. Walking off a toxic marriage is the only good thing you can do for your child. He'll at least have one parent who he will love and respect. If the couple starts doing tit for tat, then the child's life will be destroyed. His parents might be still married. His friends will not know anything about his parents. But the toxicity will kill him every living second. We all are gifted, Shubham KP",
Shubham KP,What is the best thing you saw today?,"‘Can you give me a bear hug tomorrow morning?’ I asked my friend. 'Why?’ 'I'll be having 15k followers on Quora by tomorrow.’ He smiled. He woke up late, today morning, and his cab was arriving. We talked a bit on trivial stuff but he had skipped the hug. He simply forgot. After my shift was over, I ordered the best noodles I've had so far. I wanted to give myself a treat. I'm mostly alone in my friend’s room in Delhi since his shift goes on till 11 PM. Honestly, I have been waiting for that 15k count. It's there. Like any other number, it's there. But how should I celebrate this and for how long should I celebrate this? I don't know! Dating is a fad. A milestone is a fad. Laughing. Sorrow. Money. Happiness. Everything seems to be a fad. It doesn't thrill. It doesn't give me goosebumps anymore. But, at the same time, I can't be grateful enough for the comments and messages I receive on Quora. No matter how short or simple they are. They are sweet. Thank you! We are all gifted, Shubham KP",https://qph.cf2.quoracdn.net/main-qimg-f31ab0f025d134b09c1adbb029985a4a
Shubham KP,Have you ever hated yourself?,"I don’t do self-harm when I hate myself. I mean, physically. No matter how worse the situation gets, I don't stand near a cliff thinking to put a halt on my rhythmic breathing. I can never think about committing suicide. I love my family and I don't want them to mourn for life. However, when I'm at the self-hate stage, I push people away. Especially girls. I shut down the gates of love. I do things which would seem like a red flag to anyone coming near me. I've always loved to meet new people. There's a lot to know each other when you meet for the first time. Then second. Then third. But what I'm scared of is the future trouble I might cause. So, I don't get involved at all. I keep playing the villain. We all are gifted, Shubham KP",https://qph.cf2.quoracdn.net/main-qimg-d668f310d167c7a110736f33bdc91a27-lq
Shubham KP,Is Quora dying? Why is this?,"Quora is already dead. I wandered through the profile of the most viewed writer on Quora. Sean Kernan. He has great stats. The moment I'm writing this answer, he has around 482k followers and 1.084 Billion views on Quora. The first billionaire on this platform. In August, he penned 30 answers, but the numbers tell a story of their own: If you calculate the percentage, about half of his answers got upvoted by just 0.041% of his followers. How pathetic is that? We are all gifted, Shubham KP",https://qph.cf2.quoracdn.net/main-qimg-e9b709937161c2f1a7174c93e7dfec7e
Shubham KP,My girlfriend is getting married to someone else next month. What should I do?,"Accept. I don't know your back story but that's the only option you've got. If she's getting married to someone else, there can be two possible scenarios. In both situations, you need to accept. You can plead her to come back to you. You can go and beg her family and make them understand how much you love her. Or, you can threaten to expose her after the marriage. Nothing is correct here. Nothing works. One month is a very short duration for marriage. And the more you try to fix things up, the more you'll get hurt if it doesn't work out. Sometimes, it's good to surrender. Accept the fact that your story isn't unique. It happens a lot in India. There are hardly any couples who fall in love in school/college and end up getting married. There are, yes, but very few. So wait for your story to be rewritten. There are things beyond our control. I don't know who's holding the remote of our lives, but there are things we can't control. So surrender. Know your worth. And love yourself despite all the hurt you're going through. We are all gifted, Shubham KP",https://qph.cf2.quoracdn.net/main-qimg-c876db9f28349f87240ea1321630cdb6
Shubham KP,What makes you cry?,"There's a watchman near my building. He's fairly old. Whenever I look at him, it instantly reminds me of my father. Today, while I was returning from a bookstore after purchasing Men Without Women by Ernest Hemingway, I saw that guard uncle with a plate full of noodles. Those noodles are the cheapest thing you can buy here. It costs 15 rupees for half plate. He bought a half-plate of noodles. Maybe it was all he was having for dinner. And when I thought about it, more, it made me tear up. I had to take slow, deep breaths. The incident instantly reminded me of my father. My father lives alone in Ahmedabad, makes his food, and he often does back-to-back night shifts, that too, without a day off. My father's struggle is less than the guard uncle's struggle, yes, as he's in the Paramilitary and gets a good sum of money. But when I think of it, when I think of my father's age, I don't want him to struggle any longer. Just after my Di's marriage, I want him to quit his job. I came back to my room and thought of calling my father. But since I was still teary and emotional, I dropped that idea. I can't tell all this to my father, for sure, and I didn't want him to think that a girl has left me and I had turned into a sasta Devdas. We all are gifted, Shubham KP",https://qph.cf2.quoracdn.net/main-qimg-770d07fced53278bd8ff94b83becd5f6
Shubham KP,How can I improve my writing skills?,"My friend is an only child. He's a hundred women disguised in a body of a single boy. He talks a lot. He talks to an extent where you'd want to rip your eardrums off. When I asked him, jokingly, why do you talk so much, he replied: 'I'm an only child. My parents were mostly outside and I didn't have anyone to talk to. I was lonely. I used to talk to myself inside a closed room in my childhood.’ I felt so bad for him. I thought about it and I straightaway knew the reason why I've been writing so much for the past couple of years. Writing is a lonely process. Mostly, the writers are introverts who can't talk to anyone or don't want to talk to anyone. They are overwhelmed by the noises inside their heads hence they write. I notice new writers on Quora and their writing seems absurd. They have exactly the same thoughts as the flair writers here. They are as lonely as some of the brilliant writers, on Quora, but their writing isn't a magical spell, yet. It's more of a shout-out. A disarranged thoughts of the noises inside their heads. BUT. It gets better. I've been here for a long time now. I've seen writers going from absurd to wow. It doesn't happen overnight. It takes persistence. But it's possible. It keeps happening if people persist. We all are gifted, Shubham KP",https://qph.cf2.quoracdn.net/main-qimg-fda90c933448cad7d7b3d19be961bc7f
Shubham KP,What do you find the most attractive in a woman?,"Every girl is a rockstar. I went to a restaurant with a female friend of mine. She's really calm and composed and never talks about herself. My friend came with her office colleague, one day, and she was continually boasting about her male-stats. 'I get DMs from a guy on my office's floor and the floor above and also, well, how can I forget him?' She kept on going and then, she asked my friend: 'You carry yourself really well. You must be getting tons of DMs every day, no?’ 'Hardly any,' she said and changed the topic. I sent my friend a meme right away and asked her to open it. She was sitting beside me. And when she opened her Insta, oh my! Around 800 unread messages. Boys need to hold a guitar or become an artist to attract girls. Girls, well, they just need to be alive and that is all. Go to any of your female friend's Instagram DM and keep scrolling endlessly. I know a lot of girls who don't talk sense but their Instagram is filled with DMs. The joke is on us. With all the male attention they get, it's really hard to stay shut about it. To not boast about it in front of others. But when a girl tries not to boast about her male-stats. When she stays humble and acts normal. When there's no female-ego of having been pursued by so many guys, oh my world! That's so attractive. It's the biggest green flag for me. We all are gifted, Shubham KP",https://qph.cf2.quoracdn.net/main-qimg-f14daeb3ce236b8b475338721e86dda0
Shubham KP,What is your reaction when someone unfollows you?,"'See. I knew this would happen.’ That's exactly my reaction when somebody unfollows me. There are a lot of cons of following me. And once people understand this, they just shut me off. They know what's the right thing to do. If someone asks me how to avoid sadness, that's how my reply looks like: 'Experience sadness to its core. Notice it. Mull over its patterns. Get accustomed to it. Enjoy the sadness. Enjoy the depth of melancholy. Enjoy being alone and lonely because that's the only way you get to know yourself.’ Bullshit, isn't it? Maybe that's why people tend to unfollow me after a couple of days. And it didn't happen with the newcomers, only. Many famous writers having 2x or even 3x followers, than me, unfollowed me after a while. They had their reasons and I have zero hatred towards them. A doubt, maybe, but no hatred. I hate to say this but 'I often skip my Quora inbox’. Sometimes, I'm too low to have a conversation or to give someone a reply. So, I try to extend it a bit. When I come back and reply to them after a couple of days, I see they have unfollowed me and they are not here anymore. I don't get upset about the unfollowing part, now, but I do regret not replying to them earlier. But, then again, I like to keep myself at the priority. That's how you save yourself by keeping at least some hours, a day, for yourself. I really don't mind someone unfollowing me. If you don't like my content, unfollow me or even mute me so that I can't dance in your feed. If you like my writing style, but hate me as a person, what you can do is just read my answers and don't follow me. You don't even have to upvote my answers. Take your time until you change your mind. If not, you can go on reading like that, I won't mind (because I won't know XD). As long as I'm beneficial to at least one person, on Quora, I might come and pen my thoughts down. If not, I'll accept that my time is over and let's just watch new writers shine from a corner without telling them the truth. The truth, that, no matter how many followers you have, if you're alone and it's killing you, you're not going to open up to any one of them. You'll die. You'll be called a good man. And you'll be forgotten after a couple of days or months or at max, a year. (People who're tolerating me for so long deserve this virtual brownie). We all are gifted, Shubham KP",https://qph.cf2.quoracdn.net/main-qimg-38754dd466c8e9cd27c3ba25a8b743e8
Shubham KP,What attracts guys to girls?,"She liked me. I could sense it from the way she talked to me. The way she complimented me. The way she flirted with me. And, how easily she got triggered when I talked about some other girl. BUT. She was preparing for a competitive exam. She was studying for the state PCS. And her schedule was fixed. Once we were talking about novels that were adapted into the movies. We talked about Me Before You. Into the Wild. Fitoor. The Notebook. And many other films. The conversation was going on smoothly when she said something out of the blue: 'Okay, I'll have to look into the History now.' 'History of the characters, or the author?’ I asked. 'History of Kings and their kingdoms and history of World Wars and their fatalities.’ she replied. 'Oh, that, yes yes, go on. Who am I to stop a dedicated aspirant from clearing the exam?’ I said, laughing. 'You can and you are. Trust me, you have no idea. You're all over the place now. But, then again, I have to keep myself on track even if all I see in the NCERTs, these days, is you.’ 'Nice try,' I said. 'I've set the screen time to 8–9 PM. Will see you tomorrow if you're free?’ 'Sure.’ She immediately had my respect. Her beauty, for me, multiplied 5x than before. How sorted, I said to myself, can someone be when they're passionate about something! A girl with goals, wow! We all are gifted, Shubham KP",https://qph.cf2.quoracdn.net/main-qimg-aa5151f438f13837e0cea2cbf760c076
Shubham KP,Do more intelligent people tend to be more depressed?,"Life is a slow suicide. This was said by Shiv Kumar Batalvi, the youngest poet to get the Sahitya Akademi Award. He died at a very young age of 36 and later received Padma Bhushan. No wonder, what he said was true. Every intellectual faces a slow suicide. It's inevitable. They read books that stab them. They watch movies that other people hate. And they question everything that's happening around them. People think you're crazy if you don't follow the herd. If you have different values, if you love being on your own, if you love locking yourself inside your room to read, everybody around will find you strange. People will start laughing at you. And you, as a result, will start hating this fake society. You will start hating these shallow people. You will hate their lavish lifestyle talks because it won't make sense to you. And you, eventually, would want to escape. You will die every single day. No wonder, why great writers like Ernest Hemingway, Virginia Woolf, and Sylvia Path killed themselves and writers like F Scott Fitzgerald, Charles Bukowski, and Raymond Chandler died out of alcoholism. Slow suicide. It has happened to a lot of intellectuals before. And it will keep on happening until we are here. We all are gifted, Shubham KP",https://qph.cf2.quoracdn.net/main-qimg-28dbe770a29434edca2f8856a9759180
Shubham KP,Why do I read sentences over and over again while reading a book and how can I avoid this?,"Reading is a lonely process. You can watch reels inside a club. You can dance at the parties. But you can't read in a crowded place. You can't read at a get-together. You need to sit by yourself. You need to sit inside a closed door. You need to go in a trance-like state, where, all you focus on is books. Reading is extremely difficult, at first, as your overthinking overpowers your reading ability. But once you persist and you become adamant about not keeping the book aside, it's fruitful. If you're reading the same sentence over and over again, don't put it down just yet. Persist. Give it some time and the flow will develop eventually. Yesterday night, there was a power cut at my place. The inverter wasn't working. And the lights, AC, fan, everything was gone for an hour. It was 4 AM. And guess what? I turned on my flashlight and started to read. Everything was so shushed that I was enjoying the process. And before I could crib about it, the power came back. Keep everything aside while reading. Your phone, smartwatch, or even people. Read alone. Read as if your life depends on it. And eventually, you will get better. We all are gifted, Shubham KP",https://qph.cf2.quoracdn.net/main-qimg-d1d5b68b8f54078a75a4d1ab983873d8
Shubham KP,How are you? What are you doing?,"I went to a temple to sit outside. I was sitting there, alone, mulling over my life. I live a shitty life. I do a 9–5 job and it takes my soul away. I feel like life is all about living a life you dread. I sleep. I wake up. I sleep. I wake up. I live a shitty life. In all my twenty-five years of life, I felt like I was a Superhuman. I wasn't. I'm not. I'm just an ordinary man living an ordinary life. I was rooting for a life I never had. I was rooting for the love I never deserved. And I was rooting for a career I never worked hard enough for. This is the truth. No matter how fancy you feel someone's life is, it is not. Everyone is struggling. Everyone is facing the daily blues. Everyone sleeps at night and someday, they wish it all to end. The struggle. The melancholy. The motivation to aspire for more, takes the better of a man someday. When it does, all you do is take one day at a time. Then one hour at a time. Then a minute. Then a breath. Sometimes even a breath is a nightmare. But you endure. You try not to look like a loser. You try to become an inspiration. Only to lose yourself bit by bit. In that process, you lose yourself day after day after day. (The cutie I met outside the temple) We all are gifted, Shubham KP",https://qph.cf2.quoracdn.net/main-qimg-2c0c9456be575de8403a8c7ef5223e95
Shubham KP,What's killing you inside?,"My ex texted me today. 'I hope you remember me.’ she texted. ‘As a nightmare, yes.’ I replied. 'Don't be that rude to me. I just wanted this one last thing from you. There's a new update on WhatsApp where you can have your older pictures back.’ 'I don't want our older pictures back.’ I said. 'Not ours, stupid.’ she said. 'I had sent you a photo of my baby cousin a year back. Just update your WhatsApp and send me that picture. Can you do this, at least?’ 'But you might also have it.’ 'I deleted it by mistake. Can you? It will take just two minutes?’ 'Okay,' I said. I updated my WhatsApp. 'Oh my world! This update is so horrendous. Btw, I can't find your sister's photo anywhere. Where to navigate?’ 'Nowhere. I never sent you my baby sister's photo.’ 'Then why did you text me?’ 'This WhatsApp update,' she said. 'You deserve this.’ We all are gifted, Shubham KP",https://qph.cf2.quoracdn.net/main-qimg-767833bd936bb8efb3750416882c7588
Shubham KP,"Guys, what type of girls you like mostly?","Any girl who's alive. Joking. I met a girl in a club a few weeks back. The next week we decided to have drinks together in her friend’s room. We were drunk. All three of us. And we were hungry. Her friend asked to check the food and she said it was too little. We ate but it couldn't satiate us. Her friend asked her to make chapatis and she readily stood up. She was quite drunk. And despite that, she made perfectly round chapatis for all three of us. I was standing there helping her out for absolutely nothing. She wouldn't let me do anything. And while seeing all this: I started to cry. Oh, my world! I couldn't bear the kindness. She's so beautiful. I didn't initiate the conversation in the club as I thought why would she talk to me? And when I saw her that night, cooking food while being drunk, I got emotional. We all exist because of women. Our birth-givers. And there's no doubt that all women are strong. That's one thing that always comes inbuild with every girl. She's already strong like a rock. Every girl is a potential mother. And, if she loves you enough, you will be adored like never before. I personally like the girls who are kind irrespective of their following, looks, money, and knowledge. It's hard to be kind when almost everyone is hitting on you. And the majority just want to get laid. It's hard. I know that. But some of them are so well-raised or so grounded despite that. They won't let you feel small. And it's so heart-warming. We all are gifted, Shubham KP",https://qph.cf2.quoracdn.net/main-qimg-7122a79f97cd353e21d0f3264bdd1bf5
Shubham KP,Should India be split into South India and North India?,"My roompartner is from Kerala. We hardly talk for more than half an hour a day. He goes to his office, sleeps early, and wakes up early. Once he comes back from the office, he sits with me for sometime and goes back to his room. And he never comes back. There's another roompartner of mine who's my childhood friend. We're from the same city. And we're mostly in the same room after he comes back from his office. We're from MP. He's from Kerala. And there's no way any conflict is going on between us. We sit on the weekends to drink and sing together. We both (the guy and I) are atheists. We're both crazy about books. And we both were good at sports in our college times. He doesn't know Hindi. He understands it but can't speak that fluently. And we have no problem with that whatsoever. We three communicate in English whenever we sit together. And still, it doesn't affect anything. He's introverted. He needs a lot of ME time. And I totally respect that. I can relate to him a lot. People don't understand individualism. Everyone is different. It's not about North India or South India. It's about an individual. People just see the differences and try to raise a conflict out of it. I'm a travel enthusiast. I've covered the North mostly. And now I'm planning to explore the South part of India. I don't have a passport right now. And, to be honest, this would be the last reason I'd like to make a passport. (Don't give an example of Nepal or else I'll block you. XD) South Indian food (puppy eyes). We all are gifted, Shubham KP",https://qph.cf2.quoracdn.net/main-qimg-ed94daec1575abf29f17103c1d296041
Shubham KP,Does true love really exist? Do people really feel or have felt the real connection they show in love movies or talk about in romantic novels?,"I was overly happy yesterday. We quorans united on the clubhouse and it was a mehfil. I had to leave early as my flatmate asked me to make our own mehfil. He was waiting for me for two hours and we finally had beer. We were dancing on Beedi Jalailey when his female friend called. He had to leave and I was in a good mood to dance on loud music. I dressed up like a charm. My curls were coming over my eyes. My beard was perfectly set. I had put on a trench coat and I went to a club, alone. I was dancing, enjoying my own company when two girls left their seats and stood next to me. They were dancing next to me. I ignored. Totally ignored. Then I saw a girl on the dance floor. She was cute and was dancing really well. She was wearing a red coloured crop-top, boyfriend jeans, and Nike sneakers. I was smiling seeing her dance and… SHIT! She saw me. She smiled back. And I looked at the ceiling. ‘I'm a beast. Please don't give me a smile.’ I mumbled to myself trying to put my instructions in the air. Now I was dancing like never before. I wasn't looking at her. I was curious to see her dance so I searched for her. She was looking at me. Like, really looking at me. I did it again. I did the ceiling thing again. I hated myself for that. She then came near me. Sat on the sofa next to me. And she looked up. I gave her a smile. No. Damn. I f*cked up. I went straight to the washroom. I convinced myself not to talk to her. And came back, and she was still sitting there. She was coming towards me when her friend stopped her. Her friend was convincing her something. And this girl was pleading. She looked at me. And I turned my head to the right. She got it. She picked stuff from her sofa. Said something to her friend. And they both left the club. What an idiot, right? I could tell from looking at her that hundreds of guys must be dying to talk to her. People were watching her in the club. And I did this. You know why? Because there's no love story written in my destiny. Life isn't my favourite movie or the novel I've read ten times. I've accepted that. And whenever I see someone getting near me, these days, I just become like a rock. I act tough. We all are gifted, Shubham KP",https://qph.cf2.quoracdn.net/main-qimg-d12820bb6aed4e770093b2a92863906c
Shubham KP,Why do we feel loneliness?,"Infants cry when they're alone. But once they see someone, they stop crying. How many times we've seen babies dancing when they are around people? The same babies, when grow old, might love being alone than having people near them. The reason is simple. Humans are social animals. Since childhood, we enjoyed people's company. We always needed someone to play with. And when we grew up, when we realised that people haven't played with us but ‘played us', it broke our hearts. And we prefer being alone. No one loved being alone since childhood. There's a back story. Everyone has their past bruises that are still not healed. Everyone is hiding their sadness behind their lovely smile. When you've been hurt by people time and again, you sideline yourself. You keep everyone on the same spectrum. You think everyone's going to hurt you. And when they actually do, you become alone. Being alone was never in our genes. And when we're forced to live alone, and when that aloneness is filled with sadness, we turn lonely. Though it's a disastrous thing. But it's not permanent. We're lonely when we don't accept our aloneness. ...",
Shubham KP,"If you wrote a love letter to yourself, what would it say?","I’ve never said this to any girl but I’ll say this to you— I love you. I love you more than my sister. More than my parents. And more than anyone who was born before or after you. It took me long to accept you. It took me long to love you. I treated you bad for years. I ended you, almost, and I’ll regret that for the rest of my life. No one stood for you in your bad times, despite knowing what you were going through. Not your friends. Not your family. But you managed to escape it on your own. And for that, I’ve deep respect for you. It’s something I’m very proud of. I know the scars still haunt you. But that’s okay. Life shouldn’t be easy like a joke. You were a crying baby then. You used to cry like a newborn when you got hurt. But some incidents changed you. Some people changed you. Remember, when you sat with me alone in the darkroom and convinced me that it’s not okay to cry? It’s a shame, you said. Why, I asked. To which you replied— No one deserves your tears. I repeat, no one. They think it’s too common to cry. They don’t think you’re crying for life. They don’t think something’s killing you from inside and it might actually kill you. Like literally. So you turned into a rock. Not to people. But to yourself. And I won’t blame you for that. I know this love letter turned out to be a complete melancholy. Though it’s not my fault. All your close ones know just the good part of you. Earlier you easily opened up to people. But now you think no one deserves to hear the dark side of you. No one, except me. And that’s why I love you. I love you more than my life. And I’ll never take you for granted, ever. We all are gifted, Shubham KP",https://qph.cf2.quoracdn.net/main-qimg-0ad58aa4fbc8f1cb5d1f255a0a212448-lq
